Cod_IBGE;Grande região;Município;Mun_Total de casos;Mun_Total de óbitos;;
3500105;Interior;Adamantina;506;13;;
3500204;Interior;Adolfo;134;5;;
3500303;Interior;Aguaí;376;7;;
3500402;Interior;Águas da Prata;70;5;;
3500501;Interior;Águas de Lindóia;211;6;;
3500550;Interior;Águas de Santa Bárbara;27;1;;
3500600;Interior;Águas de São Pedro;65;2;;
3500709;Interior;Agudos;837;17;;
3500758;Interior;Alambari;89;4;;
3500808;Interior;Alfredo Marcondes;73;3;;
3500907;Interior;Altair;51;3;;
3501004;Interior;Altinópolis;240;8;;
3501103;Interior;Alto Alegre;78;3;;
3501152;Interior;Alumínio;299;9;;
3501202;Interior;Álvares Florence;83;6;;
3501301;Interior;Álvares Machado;301;9;;
3501400;Interior;Álvaro de Carvalho;37;4;;
3501509;Interior;Alvinlândia;27;0;;
3501608;Interior;Americana;5916;177;;
3501707;Interior;Américo Brasiliense;860;15;;
3501806;Interior;Américo de Campos;339;12;;
3501905;Interior;Amparo;1331;35;;
3502002;Interior;Analândia;40;2;;
3502101;Interior;Andradina;1693;55;;
3502200;Interior;Angatuba;350;9;;
3502309;Interior;Anhembi;25;0;;
3502408;Interior;Anhumas;100;0;;
3502507;Interior;Aparecida;601;18;;
3502606;Interior;Aparecida d'Oeste;304;8;;
3502705;Interior;Apiaí;164;6;;
3502754;Interior;Araçariguama;441;9;;
3502804;Interior;Araçatuba;8155;187;;
3502903;Interior;Araçoiaba da Serra;692;14;;
3503000;Interior;Aramina;134;5;;
3503109;Interior;Arandu;54;3;;
3503158;Interior;Arapeí;7;1;;
3503208;Interior;Araraquara;6243;75;;
3503307;Interior;Araras;5366;85;;
3503356;Interior;Arco-Íris;12;0;;
3503406;Interior;Arealva;152;2;;
3503505;Interior;Areias;57;0;;
3503604;Interior;Areiópolis;146;4;;
3503703;Interior;Ariranha;186;7;;
3503802;Interior;Artur Nogueira;1264;30;;
3503901;RMSP (exceto capital);Arujá;2452;99;;
3503950;Interior;Aspásia;49;2;;
3504008;Interior;Assis;1706;28;;
3504107;Interior;Atibaia;2592;66;;
3504206;Interior;Auriflama;542;14;;
3504305;Interior;Avaí;121;3;;
3504404;Interior;Avanhandava;252;8;;
3504503;Interior;Avaré;981;20;;
3504602;Interior;Bady Bassitt;1029;22;;
3504701;Interior;Balbinos;251;3;;
3504800;Interior;Bálsamo;568;26;;
3504909;Interior;Bananal;147;1;;
3505005;Interior;Barão de Antonina;25;1;;
3505104;Interior;Barbosa;132;1;;
3505203;Interior;Bariri;1165;29;;
3505302;Interior;Barra Bonita;1084;25;;
3505351;Interior;Barra do Chapéu;51;0;;
3505401;Interior;Barra do Turvo;183;5;;
3505500;Interior;Barretos;5526;152;;
3505609;Interior;Barrinha;798;32;;
3505708;RMSP (exceto capital);Barueri;8710;408;;
3505807;Interior;Bastos;190;6;;
3505906;Interior;Batatais;808;23;;
3506003;Interior;Bauru;15343;267;;
3506102;Interior;Bebedouro;1509;33;;
3506201;Interior;Bento de Abreu;44;0;;
3506300;Interior;Bernardino de Campos;122;3;;
3506359;Interior;Bertioga;2128;49;;
3506409;Interior;Bilac;125;2;;
3506508;Interior;Birigui;3195;99;;
3506607;RMSP (exceto capital);Biritiba Mirim;512;32;;
3506706;Interior;Boa Esperança do Sul;226;6;;
3506805;Interior;Bocaina;201;3;;
3506904;Interior;Bofete;166;4;;
3507001;Interior;Boituva;1338;22;;
3507100;Interior;Bom Jesus dos Perdões;391;3;;
3507159;Interior;Bom Sucesso de Itararé;9;1;;
3507209;Interior;Borá;5;0;;
3507308;Interior;Boracéia;144;2;;
3507407;Interior;Borborema;309;10;;
3507456;Interior;Borebi;49;2;;
3507506;Interior;Botucatu;2984;52;;
3507605;Interior;Bragança Paulista;4508;89;;
3507704;Interior;Braúna;113;7;;
3507753;Interior;Brejo Alegre;101;6;;
3507803;Interior;Brodowski;643;22;;
3507902;Interior;Brotas;170;4;;
3508009;Interior;Buri;322;10;;
3508108;Interior;Buritama;502;15;;
3508207;Interior;Buritizal;66;3;;
3508306;Interior;Cabrália Paulista;102;0;;
3508405;Interior;Cabreúva;1279;41;;
3508504;Interior;Caçapava;1672;62;;
3508603;Interior;Cachoeira Paulista;428;16;;
3508702;Interior;Caconde;206;1;;
3508801;Interior;Cafelândia;409;12;;
3508900;Interior;Caiabu;40;2;;
3509007;RMSP (exceto capital);Caieiras;2686;104;;
3509106;Interior;Caiuá;61;1;;
3509205;RMSP (exceto capital);Cajamar;1691;78;;
3509254;Interior;Cajati;1919;35;;
3509304;Interior;Cajobi;237;7;;
3509403;Interior;Cajuru;495;14;;
3509452;Interior;Campina do Monte Alegre;87;0;;
3509502;Interior;Campinas;36101;1360;;
3509601;Interior;Campo Limpo Paulista;1436;72;;
3509700;Interior;Campos do Jordão;1071;31;;
3509809;Interior;Campos Novos Paulista;123;2;;
3509908;Interior;Cananéia;218;9;;
3509957;Interior;Canas;52;2;;
3510005;Interior;Cândido Mota;419;6;;
3510104;Interior;Cândido Rodrigues;50;1;;
3510153;Interior;Canitar;48;1;;
3510203;Interior;Capão Bonito;933;29;;
3510302;Interior;Capela do Alto;364;5;;
3510401;Interior;Capivari;1511;36;;
3510500;Interior;Caraguatatuba;2808;115;;
3510609;RMSP (exceto capital);Carapicuíba;9826;379;;
3510708;Interior;Cardoso;205;9;;
3510807;Interior;Casa Branca;556;11;;
3510906;Interior;Cássia dos Coqueiros;71;0;;
3511003;Interior;Castilho;581;11;;
3511102;Interior;Catanduva;4675;171;;
3511201;Interior;Catiguá;300;8;;
3511300;Interior;Cedral;281;9;;
3511409;Interior;Cerqueira César;198;6;;
3511508;Interior;Cerquilho;894;17;;
3511607;Interior;Cesário Lange;211;6;;
3511706;Interior;Charqueada;366;8;;
3511904;Interior;Clementina;171;2;;
3512001;Interior;Colina;324;15;;
3512100;Interior;Colômbia;116;2;;
3512209;Interior;Conchal;612;16;;
3512308;Interior;Conchas;335;8;;
3512407;Interior;Cordeirópolis;1791;24;;
3512506;Interior;Coroados;140;2;;
3512605;Interior;Coronel Macedo;38;2;;
3512704;Interior;Corumbataí;128;2;;
3512803;Interior;Cosmópolis;1826;42;;
3512902;Interior;Cosmorama;306;21;;
3513009;RMSP (exceto capital);Cotia;4929;217;;
3513108;Interior;Cravinhos;427;33;;
3513207;Interior;Cristais Paulista;83;1;;
3513306;Interior;Cruzália;24;0;;
3513405;Interior;Cruzeiro;926;36;;
3513504;Interior;Cubatão;7119;202;;
3513603;Interior;Cunha;168;2;;
3513702;Interior;Descalvado;654;7;;
3513801;RMSP (exceto capital);Diadema;9930;425;;
3513850;Interior;Dirce Reis;20;0;;
3513900;Interior;Divinolândia;151;6;;
3514007;Interior;Dobrada;179;2;;
3514106;Interior;Dois Córregos;353;4;;
3514205;Interior;Dolcinópolis;77;5;;
3514304;Interior;Dourado;181;1;;
3514403;Interior;Dracena;1128;32;;
3514502;Interior;Duartina;281;5;;
3514601;Interior;Dumont;479;5;;
3514700;Interior;Echaporã;34;1;;
3514809;Interior;Eldorado;416;7;;
3514908;Interior;Elias Fausto;641;18;;
3514924;Interior;Elisiário;171;4;;
3514957;Interior;Embaúba;58;1;;
3515004;RMSP (exceto capital);Embu das Artes;4053;186;;
3515103;RMSP (exceto capital);Embu-Guaçu;1385;47;;
3515129;Interior;Emilianópolis;82;2;;
3515152;Interior;Engenheiro Coelho;901;22;;
3515186;Interior;Espírito Santo do Pinhal;1016;25;;
3515194;Interior;Espírito Santo do Turvo;56;1;;
3515202;Interior;Estrela d'Oeste;548;15;;
3515301;Interior;Estrela do Norte;64;2;;
3515350;Interior;Euclides da Cunha Paulista;49;3;;
3515400;Interior;Fartura;165;1;;
3515509;Interior;Fernandópolis;3337;62;;
3515608;Interior;Fernando Prestes;153;3;;
3515657;Interior;Fernão;18;0;;
3515707;RMSP (exceto capital);Ferraz de Vasconcelos;4787;138;;
3515806;Interior;Flora Rica;19;1;;
3515905;Interior;Floreal;49;1;;
3516002;Interior;Flórida Paulista;65;1;;
3516101;Interior;Florínea;33;1;;
3516200;Interior;Franca;6969;212;;
3516309;RMSP (exceto capital);Francisco Morato;3191;138;;
3516408;RMSP (exceto capital);Franco da Rocha;3118;131;;
3516507;Interior;Gabriel Monteiro;51;4;;
3516606;Interior;Gália;76;4;;
3516705;Interior;Garça;784;21;;
3516804;Interior;Gastão Vidigal;82;12;;
3516853;Interior;Gavião Peixoto;252;1;;
3516903;Interior;General Salgado;271;2;;
3517000;Interior;Getulina;277;3;;
3517109;Interior;Glicério;70;2;;
3517208;Interior;Guaiçara;560;6;;
3517307;Interior;Guaimbê;71;3;;
3517406;Interior;Guaíra;1575;45;;
3517505;Interior;Guapiaçu;1048;29;;
3517604;Interior;Guapiara;145;10;;
3517703;Interior;Guará;576;25;;
3517802;Interior;Guaraçaí;83;1;;
3517901;Interior;Guaraci;269;5;;
3518008;Interior;Guarani d'Oeste;52;0;;
3518107;Interior;Guarantã;149;2;;
3518206;Interior;Guararapes;702;9;;
3518305;RMSP (exceto capital);Guararema;555;30;;
3518404;Interior;Guaratinguetá;1854;53;;
3518503;Interior;Guareí;1995;6;;
3518602;Interior;Guariba;1269;34;;
3518701;Interior;Guarujá;9930;415;;
3518800;RMSP (exceto capital);Guarulhos;24999;1599;;
3518859;Interior;Guatapará;133;4;;
3518909;Interior;Guzolândia;86;4;;
3519006;Interior;Herculândia;84;5;;
3519055;Interior;Holambra;450;3;;
3519071;Interior;Hortolândia;7036;158;;
3519105;Interior;Iacanga;300;5;;
3519204;Interior;Iacri;52;0;;
3519253;Interior;Iaras;75;3;;
3519303;Interior;Ibaté;423;6;;
3519402;Interior;Ibirá;425;11;;
3519501;Interior;Ibirarema;149;5;;
3519600;Interior;Ibitinga;1704;49;;
3519709;Interior;Ibiúna;482;29;;
3519808;Interior;Icém;182;3;;
3519907;Interior;Iepê;117;5;;
3520004;Interior;Igaraçu do Tietê;449;15;;
3520103;Interior;Igarapava;707;23;;
3520202;Interior;Igaratá;933;8;;
3520301;Interior;Iguape;652;15;;
3520400;Interior;Ilhabela;1950;13;;
3520426;Interior;Ilha Comprida;177;6;;
3520442;Interior;Ilha Solteira;475;17;;
3520509;Interior;Indaiatuba;5917;239;;
3520608;Interior;Indiana;149;4;;
3520707;Interior;Indiaporã;37;0;;
3520806;Interior;Inúbia Paulista;29;1;;
3520905;Interior;Ipaussu;340;4;;
3521002;Interior;Iperó;283;4;;
3521101;Interior;Ipeúna;144;1;;
3521150;Interior;Ipiguá;257;8;;
3521200;Interior;Iporanga;78;1;;
3521309;Interior;Ipuã;599;23;;
3521408;Interior;Iracemápolis;1221;17;;
3521507;Interior;Irapuã;164;3;;
3521606;Interior;Irapuru;95;2;;
3521705;Interior;Itaberá;251;3;;
3521804;Interior;Itaí;156;1;;
3521903;Interior;Itajobi;492;11;;
3522000;Interior;Itaju;185;1;;
3522109;Interior;Itanhaém;1644;85;;
3522158;Interior;Itaoca;38;0;;
3522208;RMSP (exceto capital);Itapecerica da Serra;2874;170;;
3522307;Interior;Itapetininga;2520;66;;
3522406;Interior;Itapeva;1065;17;;
3522505;RMSP (exceto capital);Itapevi;3610;242;;
3522604;Interior;Itapira;1996;50;;
3522653;Interior;Itapirapuã Paulista;68;1;;
3522703;Interior;Itápolis;572;12;;
3522802;Interior;Itaporanga;253;7;;
3522901;Interior;Itapuí;379;5;;
3523008;Interior;Itapura;80;1;;
3523107;RMSP (exceto capital);Itaquaquecetuba;4735;314;;
3523206;Interior;Itararé;693;22;;
3523305;Interior;Itariri;420;9;;
3523404;Interior;Itatiba;2025;33;;
3523503;Interior;Itatinga;338;7;;
3523602;Interior;Itirapina;387;6;;
3523701;Interior;Itirapuã;52;1;;
3523800;Interior;Itobi;446;6;;
3523909;Interior;Itu;3732;113;;
3524006;Interior;Itupeva;1918;34;;
3524105;Interior;Ituverava;637;31;;
3524204;Interior;Jaborandi;148;3;;
3524303;Interior;Jaboticabal;876;51;;
3524402;Interior;Jacareí;4128;156;;
3524501;Interior;Jaci;365;6;;
3524600;Interior;Jacupiranga;527;18;;
3524709;Interior;Jaguariúna;1264;30;;
3524808;Interior;Jales;2163;63;;
3524907;Interior;Jambeiro;91;5;;
3525003;RMSP (exceto capital);Jandira;1887;101;;
3525102;Interior;Jardinópolis;995;53;;
3525201;Interior;Jarinu;476;24;;
3525300;Interior;Jaú;3491;77;;
3525409;Interior;Jeriquara;70;0;;
3525508;Interior;Joanópolis;151;3;;
3525607;Interior;João Ramalho;123;3;;
3525706;Interior;José Bonifácio;1360;23;;
3525805;Interior;Júlio Mesquita;35;2;;
3525854;Interior;Jumirim;85;1;;
3525904;Interior;Jundiaí;14493;426;;
3526001;Interior;Junqueirópolis;235;5;;
3526100;Interior;Juquiá;464;12;;
3526209;RMSP (exceto capital);Juquitiba;1104;16;;
3526308;Interior;Lagoinha;74;1;;
3526407;Interior;Laranjal Paulista;963;7;;
3526506;Interior;Lavínia;426;2;;
3526605;Interior;Lavrinhas;64;1;;
3526704;Interior;Leme;3012;78;;
3526803;Interior;Lençóis Paulista;3074;52;;
3526902;Interior;Limeira;10319;279;;
3527009;Interior;Lindóia;103;3;;
3527108;Interior;Lins;3000;47;;
3527207;Interior;Lorena;1249;32;;
3527256;Interior;Lourdes;66;1;;
3527306;Interior;Louveira;1016;26;;
3527405;Interior;Lucélia;112;7;;
3527504;Interior;Lucianópolis;15;0;;
3527603;Interior;Luís Antônio;336;10;;
3527702;Interior;Luiziânia;89;2;;
3527801;Interior;Lupércio;38;0;;
3527900;Interior;Lutécia;7;0;;
3528007;Interior;Macatuba;852;10;;
3528106;Interior;Macaubal;104;4;;
3528205;Interior;Macedônia;102;4;;
3528304;Interior;Magda;47;2;;
3528403;Interior;Mairinque;646;21;;
3528502;RMSP (exceto capital);Mairiporã;1866;67;;
3528601;Interior;Manduri;127;0;;
3528700;Interior;Marabá Paulista;50;1;;
3528809;Interior;Maracaí;194;1;;
3528858;Interior;Marapoama;83;3;;
3528908;Interior;Mariápolis;30;0;;
3529005;Interior;Marília;4693;81;;
3529104;Interior;Marinópolis;60;1;;
3529203;Interior;Martinópolis;358;14;;
3529302;Interior;Matão;1000;28;;
3529401;RMSP (exceto capital);Mauá;9119;400;;
3529500;Interior;Mendonça;181;10;;
3529609;Interior;Meridiano;136;5;;
3529658;Interior;Mesópolis;35;1;;
3529708;Interior;Miguelópolis;585;16;;
3529807;Interior;Mineiros do Tietê;310;7;;
3529906;Interior;Miracatu;388;17;;
3530003;Interior;Mira Estrela;73;1;;
3530102;Interior;Mirandópolis;602;11;;
3530201;Interior;Mirante do Paranapanema;146;5;;
3530300;Interior;Mirassol;2375;59;;
3530409;Interior;Mirassolândia;185;2;;
3530508;Interior;Mococa;1556;36;;
3530607;RMSP (exceto capital);Mogi das Cruzes;9755;466;;
3530706;Interior;Mogi Guaçu;3390;87;;
3530805;Interior;Mogi Mirim;2226;63;;
3530904;Interior;Mombuca;52;1;;
3531001;Interior;Monções;82;3;;
3531100;Interior;Mongaguá;819;22;;
3531209;Interior;Monte Alegre do Sul;71;1;;
3531308;Interior;Monte Alto;1176;40;;
3531407;Interior;Monte Aprazível;754;18;;
3531506;Interior;Monte Azul Paulista;240;2;;
3531605;Interior;Monte Castelo;114;4;;
3531704;Interior;Monteiro Lobato;80;2;;
3531803;Interior;Monte Mor;1664;33;;
3531902;Interior;Morro Agudo;1288;26;;
3532009;Interior;Morungaba;141;3;;
3532058;Interior;Motuca;68;3;;
3532108;Interior;Murutinga do Sul;69;4;;
3532157;Interior;Nantes;51;1;;
3532207;Interior;Narandiba;125;3;;
3532306;Interior;Natividade da Serra;34;1;;
3532405;Interior;Nazaré Paulista;297;5;;
3532504;Interior;Neves Paulista;281;7;;
3532603;Interior;Nhandeara;240;8;;
3532702;Interior;Nipoã;117;2;;
3532801;Interior;Nova Aliança;265;4;;
3532827;Interior;Nova Campina;87;4;;
3532843;Interior;Nova Canaã Paulista;79;2;;
3532868;Interior;Nova Castilho;21;2;;
3532900;Interior;Nova Europa;321;3;;
3533007;Interior;Nova Granada;1002;19;;
3533106;Interior;Nova Guataporanga;32;0;;
3533205;Interior;Nova Independência;96;1;;
3533254;Interior;Novais;198;8;;
3533304;Interior;Nova Luzitânia;98;2;;
3533403;Interior;Nova Odessa;1390;58;;
3533502;Interior;Novo Horizonte;1298;29;;
3533601;Interior;Nuporanga;127;2;;
3533700;Interior;Ocauçu;39;0;;
3533809;Interior;Óleo;6;0;;
3533908;Interior;Olímpia;2728;71;;
3534005;Interior;Onda Verde;249;4;;
3534104;Interior;Oriente;92;4;;
3534203;Interior;Orindiúva;312;5;;
3534302;Interior;Orlândia;1131;39;;
3534401;RMSP (exceto capital);Osasco;15678;862;;
3534500;Interior;Oscar Bressane;24;0;;
3534609;Interior;Osvaldo Cruz;337;11;;
3534708;Interior;Ourinhos;2276;45;;
3534757;Interior;Ouroeste;344;6;;
3534807;Interior;Ouro Verde;65;0;;
3534906;Interior;Pacaembu;378;9;;
3535002;Interior;Palestina;151;7;;
3535101;Interior;Palmares Paulista;404;15;;
3535200;Interior;Palmeira d'Oeste;246;6;;
3535309;Interior;Palmital;507;7;;
3535408;Interior;Panorama;133;6;;
3535507;Interior;Paraguaçu Paulista;724;16;;
3535606;Interior;Paraibuna;204;11;;
3535705;Interior;Paraíso;165;4;;
3535804;Interior;Paranapanema;222;3;;
3535903;Interior;Paranapuã;115;5;;
3536000;Interior;Parapuã;108;4;;
3536109;Interior;Pardinho;184;1;;
3536208;Interior;Pariquera-Açu;838;15;;
3536257;Interior;Parisi;114;6;;
3536307;Interior;Patrocínio Paulista;197;8;;
3536406;Interior;Paulicéia;70;2;;
3536505;Interior;Paulínia;5727;89;;
3536570;Interior;Paulistânia;11;0;;
3536604;Interior;Paulo de Faria;209;3;;
3536703;Interior;Pederneiras;898;18;;
3536802;Interior;Pedra Bela;103;1;;
3536901;Interior;Pedranópolis;50;2;;
3537008;Interior;Pedregulho;99;2;;
3537107;Interior;Pedreira;613;9;;
3537156;Interior;Pedrinhas Paulista;28;1;;
3537206;Interior;Pedro de Toledo;89;6;;
3537305;Interior;Penápolis;1522;37;;
3537404;Interior;Pereira Barreto;391;9;;
3537503;Interior;Pereiras;229;1;;
3537602;Interior;Peruíbe;1267;44;;
3537701;Interior;Piacatu;99;1;;
3537800;Interior;Piedade;1027;38;;
3537909;Interior;Pilar do Sul;321;7;;
3538006;Interior;Pindamonhangaba;2573;54;;
3538105;Interior;Pindorama;613;15;;
3538204;Interior;Pinhalzinho;153;2;;
3538303;Interior;Piquerobi;43;0;;
3538501;Interior;Piquete;172;3;;
3538600;Interior;Piracaia;524;6;;
3538709;Interior;Piracicaba;15609;375;;
3538808;Interior;Piraju;289;8;;
3538907;Interior;Pirajuí;669;10;;
3539004;Interior;Pirangi;394;16;;
3539103;RMSP (exceto capital);Pirapora do Bom Jesus;660;7;;
3539202;Interior;Pirapozinho;984;22;;
3539301;Interior;Pirassununga;1846;35;;
3539400;Interior;Piratininga;355;10;;
3539509;Interior;Pitangueiras;1428;33;;
3539608;Interior;Planalto;206;3;;
3539707;Interior;Platina;64;0;;
3539806;RMSP (exceto capital);Poá;2264;118;;
3539905;Interior;Poloni;94;3;;
3540002;Interior;Pompéia;188;4;;
3540101;Interior;Pongaí;124;6;;
3540200;Interior;Pontal;1604;52;;
3540259;Interior;Pontalinda;80;5;;
3540309;Interior;Pontes Gestal;141;4;;
3540408;Interior;Populina;65;3;;
3540507;Interior;Porangaba;53;0;;
3540606;Interior;Porto Feliz;1403;15;;
3540705;Interior;Porto Ferreira;1411;36;;
3540754;Interior;Potim;333;8;;
3540804;Interior;Potirendaba;664;12;;
3540853;Interior;Pracinha;96;0;;
3540903;Interior;Pradópolis;802;23;;
3541000;Interior;Praia Grande;8508;287;;
3541059;Interior;Pratânia;65;2;;
3541109;Interior;Presidente Alves;83;2;;
3541208;Interior;Presidente Bernardes;404;12;;
3541307;Interior;Presidente Epitácio;624;20;;
3541406;Interior;Presidente Prudente;6404;161;;
3541505;Interior;Presidente Venceslau;543;24;;
3541604;Interior;Promissão;1888;12;;
3541653;Interior;Quadra;27;2;;
3541703;Interior;Quatá;242;4;;
3541802;Interior;Queiroz;27;2;;
3541901;Interior;Queluz;344;3;;
3542008;Interior;Quintana;76;1;;
3542107;Interior;Rafard;213;3;;
3542206;Interior;Rancharia;1025;14;;
3542305;Interior;Redenção da Serra;24;0;;
3542404;Interior;Regente Feijó;176;7;;
3542503;Interior;Reginópolis;122;2;;
3542602;Interior;Registro;1768;46;;
3542701;Interior;Restinga;80;0;;
3542800;Interior;Ribeira;42;0;;
3542909;Interior;Ribeirão Bonito;357;5;;
3543006;Interior;Ribeirão Branco;267;6;;
3543105;Interior;Ribeirão Corrente;75;1;;
3543204;Interior;Ribeirão do Sul;54;1;;
3543238;Interior;Ribeirão dos Índios;39;3;;
3543253;Interior;Ribeirão Grande;149;2;;
3543303;RMSP (exceto capital);Ribeirão Pires;2429;86;;
3543402;Interior;Ribeirão Preto;27106;887;;
3543501;Interior;Riversul;21;2;;
3543600;Interior;Rifaina;53;3;;
3543709;Interior;Rincão;113;4;;
3543808;Interior;Rinópolis;98;0;;
3543907;Interior;Rio Claro;4392;147;;
3544004;Interior;Rio das Pedras;775;38;;
3544103;RMSP (exceto capital);Rio Grande da Serra;759;28;;
3544202;Interior;Riolândia;360;3;;
3544251;Interior;Rosana;192;4;;
3544301;Interior;Roseira;260;5;;
3544400;Interior;Rubiácea;48;0;;
3544509;Interior;Rubinéia;79;2;;
3544608;Interior;Sabino;89;6;;
3544707;Interior;Sagres;8;0;;
3544806;Interior;Sales;88;3;;
3544905;Interior;Sales Oliveira;474;4;;
3545001;RMSP (exceto capital);Salesópolis;267;16;;
3545100;Interior;Salmourão;23;1;;
3545159;Interior;Saltinho;161;2;;
3545209;Interior;Salto;3287;73;;
3545308;Interior;Salto de Pirapora;1098;23;;
3545407;Interior;Salto Grande;139;2;;
3545506;Interior;Sandovalina;66;3;;
3545605;Interior;Santa Adélia;401;5;;
3545704;Interior;Santa Albertina;207;2;;
3545803;Interior;Santa Bárbara d'Oeste;6368;195;;
3546009;Interior;Santa Branca;228;6;;
3546108;Interior;Santa Clara d'Oeste;60;3;;
3546207;Interior;Santa Cruz da Conceição;142;0;;
3546256;Interior;Santa Cruz da Esperança;21;2;;
3546306;Interior;Santa Cruz das Palmeiras;1497;24;;
3546405;Interior;Santa Cruz do Rio Pardo;859;9;;
3546504;Interior;Santa Ernestina;175;3;;
3546603;Interior;Santa Fé do Sul;1130;40;;
3546702;Interior;Santa Gertrudes;1070;19;;
3546801;RMSP (exceto capital);Santa Isabel;1500;73;;
3546900;Interior;Santa Lúcia;114;5;;
3547007;Interior;Santa Maria da Serra;129;1;;
3547106;Interior;Santa Mercedes;11;1;;
3547205;Interior;Santana da Ponte Pensa;18;0;;
3547304;RMSP (exceto capital);Santana de Parnaíba;3997;109;;
3547403;Interior;Santa Rita d'Oeste;39;1;;
3547502;Interior;Santa Rita do Passa Quatro;400;13;;
3547601;Interior;Santa Rosa de Viterbo;415;4;;
3547650;Interior;Santa Salete;60;2;;
3547700;Interior;Santo Anastácio;359;12;;
3547809;RMSP (exceto capital);Santo André;21910;666;;
3547908;Interior;Santo Antônio da Alegria;149;3;;
3548005;Interior;Santo Antônio de Posse;790;11;;
3548054;Interior;Santo Antônio do Aracanguá;170;6;;
3548104;Interior;Santo Antônio do Jardim;87;3;;
3548203;Interior;Santo Antônio do Pinhal;80;3;;
3548302;Interior;Santo Expedito;24;1;;
3548401;Interior;Santópolis do Aguapeí;95;3;;
3548500;Interior;Santos;26972;747;;
3548609;Interior;São Bento do Sapucaí;68;1;;
3548708;RMSP (exceto capital);São Bernardo do Campo;28832;1021;;
3548807;RMSP (exceto capital);São Caetano do Sul;5958;256;;
3548906;Interior;São Carlos;3972;56;;
3549003;Interior;São Francisco;66;5;;
3549102;Interior;São João da Boa Vista;894;27;;
3549201;Interior;São João das Duas Pontes;79;3;;
3549250;Interior;São João de Iracema;44;3;;
3549300;Interior;São João do Pau d'Alho;6;0;;
3549409;Interior;São Joaquim da Barra;1380;31;;
3549508;Interior;São José da Bela Vista;50;4;;
3549607;Interior;São José do Barreiro;23;2;;
3549706;Interior;São José do Rio Pardo;826;25;;
3549805;Interior;São José do Rio Preto;29190;781;;
3549904;Interior;São José dos Campos;20493;490;;
3549953;RMSP (exceto capital);São Lourenço da Serra;274;8;;
3550001;Interior;São Luiz do Paraitinga;18;5;;
3550100;Interior;São Manuel;402;11;;
3550209;Interior;São Miguel Arcanjo;289;9;;
3550308;Capital;São Paulo;342822;14216;;
3550407;Interior;São Pedro;784;9;;
3550506;Interior;São Pedro do Turvo;153;1;;
3550605;Interior;São Roque;1076;25;;
3550704;Interior;São Sebastião;2038;42;;
3550803;Interior;São Sebastião da Grama;224;5;;
3550902;Interior;São Simão;211;6;;
3551009;Interior;São Vicente;8031;471;;
3551108;Interior;Sarapuí;24;1;;
3551207;Interior;Sarutaiá;64;3;;
3551306;Interior;Sebastianópolis do Sul;71;0;;
3551405;Interior;Serra Azul;731;4;;
3551504;Interior;Serrana;1203;47;;
3551603;Interior;Serra Negra;272;2;;
3551702;Interior;Sertãozinho;5051;123;;
3551801;Interior;Sete Barras;483;9;;
3551900;Interior;Severínia;780;19;;
3552007;Interior;Silveiras;44;1;;
3552106;Interior;Socorro;678;12;;
3552205;Interior;Sorocaba;19083;481;;
3552304;Interior;Sud Mennucci;271;1;;
3552403;Interior;Sumaré;7118;230;;
3552502;RMSP (exceto capital);Suzano;6074;252;;
3552551;Interior;Suzanápolis;137;2;;
3552601;Interior;Tabapuã;445;15;;
3552700;Interior;Tabatinga;380;13;;
3552809;RMSP (exceto capital);Taboão da Serra;8855;307;;
3552908;Interior;Taciba;116;2;;
3553005;Interior;Taguaí;344;3;;
3553104;Interior;Taiaçu;207;1;;
3553203;Interior;Taiúva;304;3;;
3553302;Interior;Tambaú;490;11;;
3553401;Interior;Tanabi;1424;29;;
3553500;Interior;Tapiraí;169;3;;
3553609;Interior;Tapiratiba;220;1;;
3553658;Interior;Taquaral;101;2;;
3553708;Interior;Taquaritinga;1296;45;;
3553807;Interior;Taquarituba;506;8;;
3553856;Interior;Taquarivaí;60;2;;
3553906;Interior;Tarabai;223;6;;
3553955;Interior;Tarumã;310;6;;
3554003;Interior;Tatuí;3144;84;;
3554102;Interior;Taubaté;6536;176;;
3554201;Interior;Tejupá;28;0;;
3554300;Interior;Teodoro Sampaio;403;7;;
3554409;Interior;Terra Roxa;302;6;;
3554508;Interior;Tietê;725;25;;
3554607;Interior;Timburi;22;2;;
3554656;Interior;Torre de Pedra;22;2;;
3554706;Interior;Torrinha;183;6;;
3554755;Interior;Trabiju;27;0;;
3554805;Interior;Tremembé;532;3;;
3554904;Interior;Três Fronteiras;267;9;;
3554953;Interior;Tuiuti;65;1;;
3555000;Interior;Tupã;1084;44;;
3555109;Interior;Tupi Paulista;237;3;;
3555208;Interior;Turiúba;44;1;;
3555307;Interior;Turmalina;34;0;;
3555356;Interior;Ubarana;299;4;;
3555406;Interior;Ubatuba;1878;42;;
3555505;Interior;Ubirajara;82;1;;
3555604;Interior;Uchoa;424;10;;
3555703;Interior;União Paulista;65;2;;
3555802;Interior;Urânia;343;13;;
3555901;Interior;Uru;63;3;;
3556008;Interior;Urupês;255;14;;
3556107;Interior;Valentim Gentil;829;14;;
3556206;Interior;Valinhos;3401;112;;
3556305;Interior;Valparaíso;710;20;;
3556354;Interior;Vargem;82;1;;
3556404;Interior;Vargem Grande do Sul;1074;18;;
3556453;RMSP (exceto capital);Vargem Grande Paulista;700;28;;
3556503;Interior;Várzea Paulista;1894;74;;
3556602;Interior;Vera Cruz;147;8;;
3556701;Interior;Vinhedo;2254;40;;
3556800;Interior;Viradouro;555;9;;
3556909;Interior;Vista Alegre do Alto;225;3;;
3556958;Interior;Vitória Brasil;37;0;;
3557006;Interior;Votorantim;2900;92;;
3557105;Interior;Votuporanga;5717;111;;
3557154;Interior;Zacarias;111;1;;
3557204;Interior;Chavantes;157;2;;
3557303;Interior;Estiva Gerbi;168;5;;
;;Ignorado;199;0;;
